RMSE,MAE,R2,MAPE
1.7217496659621487,1.1133229961376403,0.9855110823965378,2.773254429822916
